<?xml version="1.0" encoding="UTF-8"?>
<!DOCTYPE hibernate-configuration PUBLIC "-//Hibernate/Hibernate Configuration DTD 3.0//EN" "http://hibernate.sourceforge.net/hibernate-configuration-3.0.dtd">
<hibernate-configuration>
    <session-factory>
        <property name="hbm2dd1.auto">update</property>
        <property name="show_sql">true</property>
        <property name="hibernate.connection.dialect">com.mysql.jdbc.Driver</property>
        
        <property name="hibernate.connection.url">jdbc:mysql://localhost/city</property>
        <property name="hibernate.connection.username">root</property>
        <property name="hibernate.coonection.password"></property>
        
        <mapping resource="city.hbm.xml"/>
 
    </session-factory>
</hibernate-configuration>