
 <?xml version='1.0' encoding='UTF-8'?>  
    <!DOCTYPE hibernate-mapping PUBLIC  
     "-//Hibernate/Hibernate Mapping DTD 3.0//EN"  
     "http://hibernate.sourceforge.net/hibernate-mapping-3.0.dtd">  
      
     <hibernate-mapping>  
      <class name="city" table="data">  
        <id name="id">  
          
        </id>  
                
        <property name="locId" value ="string" column= "locId"></property>  
        <property name="country" value ="string" column= "country"></property> 
        <property name="region" value ="string" column= "region"></property>
        <property name="city" value ="string" column= "city"></property>
        <property name="postalCode" value ="string" column= "postalCode"></property>
        <property name="latitude" value ="string" column= "latitude"></property>
        <property name="longitude" value ="string" column= "longitude"></property>
        <property name="metroCode" value ="string" column= "metroCode"></property>
        <property name="areaCode" value ="string" column= "areaCode"></property>
        
                
      </class>  
                
     </hibernate-mapping> 
