<beans xmlns="http://www.springframework.org/schema/beans"
	xmlns:xsi="http://www.w3.org/2001/XMLSchema-instance" xmlns:p="http://www.springframework.org/schema/p"
	xmlns:aop="http://www.springframework.org/schema/aop" xmlns:context="http://www.springframework.org/schema/context"
	xmlns:jee="http://www.springframework.org/schema/jee" xmlns:tx="http://www.springframework.org/schema/tx"
	xmlns:task="http://www.springframework.org/schema/task"
	xsi:schemaLocation="http://www.springframework.org/schema/aop http://www.springframework.org/schema/aop/spring-aop-3.2.xsd http://www.springframework.org/schema/beans http://www.springframework.org/schema/beans/spring-beans-3.2.xsd http://www.springframework.org/schema/context http://www.springframework.org/schema/context/spring-context-3.2.xsd http://www.springframework.org/schema/jee http://www.springframework.org/schema/jee/spring-jee-3.2.xsd http://www.springframework.org/schema/tx http://www.springframework.org/schema/tx/spring-tx-3.2.xsd http://www.springframework.org/schema/task http://www.springframework.org/schema/task/spring-task-3.2.xsd">

	<context:annotation-config />
	<!-- <bean class="org.springframework.beans.factory.annotation.AutowiredAnnotationBeanPostProcessor" /> -->
        <bean id="Clo" class="pk.edu.nust.seecs.gradebook.entity.Clo">
		<property name="name" value="CLO 1" />
                <property name="description" value="Description about book" />
                <property name="plo" value="PLO 1" />
                <property name="btLevel" value="4" />
	</bean>
        
        <bean id="Content" class="pk.edu.nust.seecs.gradebook.entity.Content">
		<property name="title" value="Lab" />
        </bean>
        
        <bean id="Course" class="pk.edu.nust.seecs.gradebook.entity.Course">
		<property name="classtitle" value="BESE5" />
	</bean>
        
        <bean id="Grade" class="pk.edu.nust.seecs.gradebook.entity.Grade">
		<property name="name" value="A" />
	</bean>
        
        <bean id="Student" class="pk.edu.nust.seecs.gradebook.entity.Student">
		<property name="name" value="Umer" />
	</bean>
        
        <bean id="Teacher" class="pk.edu.nust.seecs.gradebook.entity.Teacher">
		<property name="name" value="55" />
	</bean>

</beans>